{
    "tree": [
        17.649520209441828,
        15.622501447639397,
        15.88042855978211,
        16.21384295289507,
        16.567581976081744,
        15.805391215442501,
        15.463618210305755,
        15.659568126694012,
        16.10009703137608,
        15.700436224367227,
        15.820558146835777,
        16.136359711085415
    ],
    "shor": [
        15.793731075320398,
        14.894475335953153,
        14.853968391769643,
        15.641178040338453,
        16.125722156507678,
        14.733800519022251,
        15.005869068323477,
        14.925899074716465,
        14.896960767080547,
        14.876350909435,
        13.883041199111918,
        14.737059064578704
    ]
}