{
    "tree": [
        14.809070905049643,
        19.321193297704063,
        20.448430458704628,
        25.919814904530845,
        33.99160464604696,
        31.439195076624557,
        20.69784164428711,
        15.625129143397013,
        18.35799217224121,
        19.164949655532837,
        12.807653268178303,
        19.908666610717773
    ],
    "shor": [
        17.967194318771362,
        21.608120838801064,
        24.807958682378136,
        27.629563808441162,
        35.92474261919657,
        33.90453179677328,
        22.61753877003988,
        19.200563033421833,
        24.7609810034434,
        21.28686062494914,
        16.518016656239826,
        22.560744762420654
    ]
}