{
    "tree": [
        0.002571013317239068,
        0.00374669121519235,
        0.002743177276021249,
        0.0030534955490511455,
        0.002411366034015923,
        0.002966099383776552,
        0.0034442264818880315,
        0.0031502141528351535,
        0.002736858802808581,
        0.002938026154986251,
        0.0033681236655211835,
        0.004193454797364441
    ],
    "shor": [
        0.003340004796322758,
        0.004129815392137937,
        0.003238778427528739,
        0.004108819769176142,
        0.0027489632073646364,
        0.0032235993174010045,
        0.00383347277965772,
        0.003675738995833205,
        0.003153894444616466,
        0.003750750130717186,
        0.003712729444278033,
        0.0046305479612286145
    ]
}