{
    "tree": [
        22.63002582735017,
        21.35562843899118,
        20.147874020525176,
        20.144478562718884,
        20.229191088064418,
        20.142733783976844,
        20.224672434284727,
        22.044611404894095,
        23.17757881043846,
        21.98491514882379,
        23.208079856714047,
        24.652936498155068
    ],
    "shor": [
        18.58972554091711,
        17.513805460312994,
        16.39389524897453,
        16.11502213726962,
        17.723669182925295,
        17.575880563873866,
        19.117118503203294,
        17.387477667107287,
        18.56428469454518,
        17.28130574329538,
        17.109461337125158,
        19.916569383439942
    ]
}