{
    "tree": [
        5.194942156473795,
        5.810906489690145,
        5.32397739092509,
        4.747301340103149,
        5.396078030268351,
        5.449861288070679,
        4.891822735468547,
        6.996579011281331,
        5.886330286661783,
        5.473891894022624,
        4.9465811252594,
        5.862593650817871
    ],
    "shor": [
        5.29794470469157,
        6.310313940048219,
        6.847175916035971,
        5.810747543970743,
        5.8113932609558105,
        6.262630224227905,
        5.620221296946208,
        6.817022959391276,
        6.527804295221965,
        7.69043946266174,
        7.040548483530682,
        6.760427236557007
    ]
}