{
    "tree": [
        0.001194834197665967,
        0.0010998061762640128,
        0.0012929028377062235,
        0.001725750400737331,
        0.0013515463331138882,
        0.0011732403085023917,
        0.0014702076834982583,
        0.001389253512998002,
        0.0014184046863708602,
        0.00137751426073311,
        0.001628793,
        0.001595332
    ],
    "shor": [
        0.001499049672605108,
        0.001477403813232387,
        0.001764846394558152,
        0.0019506203287846294,
        0.0017761118549500328,
        0.001275519843131225,
        0.0015933255003154482,
        0.001446271831025918,
        0.0015275970415878607,
        0.001559685993886357,
        0.001736001341639227,
        0.001816185
    ]
}