{"bw": [0.21873927872983126], "delay": [0.16392334140790535], "loss": [0.1618076506740174]}